AAC;Aachen
AAD;Al A'idh
AAI;Alastani
AAL;Al 'Alī;Al 'Ali
ABA;Alba
ABB;Arbabni
ABL;Ardabil
ABV;Ambovontany
ABW;Al-Abwab
ACA;Acatic
ACH;Achaea
ACL;Acolapissa
ACO;Áak'u;aak'u
ADA;Adal
ADG;Āndìng;anding
ADH;Ayodhya
ADO;Ado
AFA;Dankali
AGC;Augsburg
AGH;Angoche
AGN;Āníng;aning
AHI;Ahis
AHO;Ahom
AHT;Hata
AHU;Ahuacatlan
AHY;Antsohihy
AIS;Aisu
AIT;Ait Abbas
AJC;Axochitlan
AJU;Ajuran
AKI;Aki
AKJ;Anenokōji;Anenokoji
AKM;Akamatsu
AKN;Akana
AKR;Akure
AKT;Andō;Ando
AKU;Taku
AKZ;Akizuki
ALA;Albaamaha
ALB;Albania
ALE;Alençon;Alencon
ALG;Algiers
ALI;Kǎilǐ;Kaili
ALL;Allstedt
ALN;Alania
ALO;Alodia
ALS;Strasbourgum
ALT;Altai
ALU;Alupa
ALY;Alaiye
AMA;Armagh
AMB;Amberd
AMD;Amdo
AME;Amecan
AMG;Armagnac
AMH;Ardmire
AML;Amollan
AMP;Amapila
AMR;Al Mira
AMT;Amacoztitlan
ANB;Arnsberg
ANC;Ancona
ANG;Angoulême;Angouleme
ANH;Anhalt
ANI;Aruni
ANJ;Anjou
ANK;Antankarana
ANL;Anilco
ANM;Asonuma
ANN;Annaly
ANR;Andorra
ANS;Ansbach
ANT;Arianiti
ANZ;Anizah
AOS;Aosta
APA;Apalachee
APD;Apardi
APR;Prüm;Prum
AQN;Aquitaine
AQU;Aquileia
ARA;Aragon
ARB;Arborea
ARD;Ardalan
ARG;Argos
ARI;Arima
ARK;Launggyet
ARM;Armenia
ARR;Riga Lettoniae
ARS;Artois
ART;Arlat
ARU;Aru
ARZ;Arezzo
ASA;Asakura
ASC;Ascoli
ASD;Alessandria
ASN;Ashina
ASO;Aso
ASR;$astarabad$
AST;Astarac
ASY;Asayama
ATB;Antambahoaka
ATF;Antaifasy
ATH;Athens
ATI;Asti
ATJ;Aceh
ATK;Antesaka
ATL;Autlan
ATM;Antemoro
ATO;Atocpan
ATP;Atepec
ATQ;Artuqids
ATR;Astrakhan
ATT;Atitlan
ATZ;Artaz
AUD;Arundel
AUG;Augusta Vindelicorum
AUM;Aumale
AUV;Auvergne
AUX;Auxerre
AVR;Avaria
AVY;Avoyel
AWO;Awori
AWS;Aussa
AXC;Axochiapan
AXO;Axocopan
AYA;Ayarmaca
AYD;Aydınids;Aydinids
AYO;Ayotlan
AZF;Al-Zafir
AZL;Aztatlan
BAA;Bara
BAC;Bacan
BAD;Baudh
BAI;Banggai
BAK;Bardak
BAM;Bamberg
BAR;Bar
BAS;Basel
BBD;Brandenburgum
BBG;Blankenburg
BBK;Bambuk
BCH;Chur
BCN;Brycheiniog
BDE;Baden
BDS;Baduspanids
BEA;Beare
BEI;Brunei
BEN;Benin
BER;Berry
BES;Beruas
BET;Betsileo
BEZ;Bezanozano
BFN;West Breifne
BFR;Bafra
BGG;Bangga
BGJ;Belogorye
BGK;Bagelkhand
BGL;Baglana
BGN;Boulogne
BGR;Bandhugara
BHA;Bhatnir
BHD;Bhanvad
BHL;Beichlingen
BHM;Bhamo
BHN;Bahnar
BHP;Mallabhum
BHT;Bohtan
BIA;Baia
BIB;Biberach
BID;Dorpat
BIM;Bima
BIN;Çapakçur;capakcur
BIO;Ösel;osel
BIR;Biri
BIT;Bitlis
BJG;Bǎojìng;Baojing
BKZ;Banu Kanz
BLA;Buleda
BLB;Lebus
BLD;Bârlad;Barlad
BLE;Bale
BLG;Bologna
BLI;Bali
BLL;Bouillon
BLM;Belmont
BLN;Bolaang
BLO;Beloozero
BLS;Blois
BMB;Bambao
BMK;Bemanevika
BMP;Bampūr;Bampur
BMR;Bambara
BMS;Misnia
BNA;Bonai
BNB;Bernburg
BND;Bundelkhand
BNE;Bone
BNI;Báiní;Baini
BNL;Lam
BNT;Bentheim
BNY;Bunyoro
BOD;Bodonitsa
BOH;Bohemia
BOI;Boina
BOL;Dapitan
BON;Bonoman
BOR;Borgu
BOS;Bosnia
BOU;Bourbon
BOW;Bowontehu
BPR;Prome
BQA;Barqa
BQL;Baqlin
BRA;Brandenburg
BRB;Brabant
BRC;Berchtesgaden
BRD;Bardi
BRE;Brema
BRG;Berg
BRI;Brittany
BRL;Barlas
BRM;Bremen
BRN;Bern
BRO;Brecknock
BRR;Béarn;Bearn
BRS;Brescia
BRT;Buryatia
BRU;Brunswick
BRY;Bryansk
BRZ;Brzeg
BSC;Besançon;Besancon
BSD;Besüd;Besud
BSG;Busoga
BSH;Bashkir
BSK;Beeskow-Starkow
BSM;Boussouma
BSP;Bilaspur
BST;Bastar
BTE;Bantaeng
BTG;Batang
BTI;Simien
BTL;Tellīs;Tellis
BTN;Buton
BTU;Butuan
BUD;Büdingen;Budingen
BUG;Buganda
BUL;Bulgaria
BUR;Burgundy
BUS;Barus
BUU;Burundi
BVK;Bru
BWL;Beniwal
BXJ;Baxoje
BXN;Brixen
BYM;Bytom
BYZ;Byzantium
BZG;Buzen Nagano
BZH;Běishèng;Beisheng
BZN;Bazin
BZU;Bōzhōu;Bozhou
CAB;Chamba
CAD;Hasíinay;Hasiinay
CAG;Cagliari
CAM;Cambrésis;Cambresis
CAR;Carniola
CAS;Castile
CAT;Catalonia
CAU;Cuauhtlan
CAV;Calva
CBA;Chiba
CBH;Bhimber
CBK;Cobra
CCL;Cocollan
CCN;Cuicatlan
CCP;Cuauhcuetzpaltepec
CDC;Città di Castello;Citta di Castello
CDD;Chaundandi
CDL;Dali
CDN;Dōngguǎn;Dongguan
CEB;Cebu
CEM;Çemişgezek;cemisgezek
CEN;Ceneda
CEP;Cephalonia
CER;Chero
CES;Cesena
CET;Chester
CEV;Ceva
CFC;Colmar
CFN;Fāng;Fang
CFQ;Cofitachequi
CGU;Guō;Guo
CGZ;Chāngzhōu;Changzhou
CHA;Champa
CHB;Chobanids
CHC;Chahta
CHD;Chanda
CHE;Chén;Chen
CHG;Chagatai
CHH;Chiang Hung
CHI;China
CHJ;Churajon
CHK;Cahokia
CHL;Chełmno;Chelmno
CHM;Chimu
CHN;Chiny
CHP;Champagne
CHR;Chernihiv
CHS;Chickasha
CHT;Chorti
CHX;Chieri
CHZ;Chūzan;Chuzan
CIC;Chincha
CIH;Cihuatlan
CIL;Cilicia
CIN;Cina
CIR;Circassia
CJK;Cuijk
CJO;Chūjō;Chujo
CKL;Minyag
CKO;Köke Temür;Koke Temur
CKP;Chakan Putum
CLA;Clandeboye
CLC;Chalco
CLE;Chēlēi;Chelei
CLI;Cilli
CLL;Cholollan
CLM;Coliman
CLP;Chilapa
CLQ;Collique
CLR;Clanricarde
CLT;Carlat
CMA;West Connacht
CMN;Champaner
CMO;Máo;Mao
CMR;Camerino
CMS;Cemais
CNA;Naghachu
CNC;Canchi
CND;Candarids
CNH;Caüinachis;Cauinachis
CNL;Ah Canul
CNN;Connacht
CNP;Nánpíng;Nanping
CNT;Cainta
CNV;Canavese
COC;Cocom
COG;Cǎotáng;Caotang
COI;Yodzo Coo
COL;Coligua
COM;Comminges
CON;Coinan
COO;Coosa
COR;Corsica
COT;Cortona
COW;Coweta
CPA;Copa
CPN;Tzoapan
CPQ;Capachequi
CRA;Charka
CRH;Carinthia
CRI;Crimea
CRK;Churumekua
CRL;Urtsun
CRM;Cremona
CRN;Cornwall
CRO;Croatia
CRR;Finale
CRT;Candia
CSB;Cusabo
CSH;Shùn;Shun
CSI;Lǐ;Li
CSK;Chōsokabe;Chosokabe
CSM;Cozamaloapan
CSO;Sòng;Song
CSQ;Casqui
CSU;Qusqu
CTC;Coatlicamac
CTE;Cuitzeo
CTG;Tûng-nèn;Tung-nen
CTL;Chiyautla
CTM;Cháak te' éemal;Chaak te' eemal
CTO;Coto
CTR;Chitral
CTT;Chatot
CTW;Tiānwán;Tianwan
CTX;Cuetlaxtlan
CTZ;Coatzacualco
CUI;Cuismancu
CUL;Culhuacan
CUO;Cuauhtochco
CUT;Chutia
CUU;Cuauhnahuac
CUZ;Cutzamala
CVN;East Breifne
CWM;Clanwilliam
CXI;Xià;Xia
CYA;Sacha-p-qulla
CYP;Cyprus
CZK;Czersk
CZL;Cozalapan
DAA;Daura
DAH;Dahomey
DAI;Đại Việt;dai Viet
DAJ;Daju
DAM;Damot
DAN;Denmark
DAU;Viennois
DAW;Dawaro
DBD;Dambadeniya
DBE;Dobe'a
DCI;Decies
DCN;Dōngchuān;Dongchuan
DEG;Degar
DEN;Denbigh
DFN;Diafunu
DGB;Dagbon
DGE;Döger;Doger
DGL;Maldives
DGR;Bagar
DHB;Deheubarth
DHF;Dhofar
DHJ;Daihōji;Daihoji
DHK;Dahlak
DHM;Durham
DHU;Dhundhar
DIE;Diez
DIL;Dilmaçids;Dilmacids
DIM;Dimasa
DIS;Disentis
DIT;Dithmarschen
DJE;Djerid
DLH;Delhi
DLN;Dōnglán;Donglan
DMB;Domboli-Bosht
DMI;Dmitrov
DML;Domboli
DMS;Desmond
DNB;Dinkelsbühl;Dinkelsbuhl
DNE;Diné;Dine
DNG;Donggo
DOG;Dogra
DOI;Doi
DOM;Dompu
DPH;Diepholz
DRA;Dara
DRE;Dreux
DRG;Derge
DRP;Ramnagar
DRU;Drutsk
DRW;Dadrewa
DSN;Dasni
DTE;Date
DTI;Doti
DTM;Dortmund
DUL;Dulkadirids
DUN;Daun
DWG;Dàwáng;Dawang
DWS;Dawasir
DYG;Dǔyáng;Duyang
DYN;Dūyún;Duyun
DZH;Dǐzhài;Dizhai
DZK;Durdzuketia
EGL;Egil
EIC;Eichstätt;Eichstatt
ELA;Elayadathu
ELL;Ellwangen
ELY;Ely
EMA;Ema
END;Enderta
ENG;England
ENN;Ennarea
ENY;En'ya
EPI;Epirus
ERA;Ērānšahr;eransahr
ERB;Erbach
ERE;Eretnids
ERF;Erfurt
ERM;Warmia
ESS;Essen
ETA;Étampes;etampes
ETH;Ethiopia
ETZ;Etzatlan
EUD;Eudeve
EUF;Eufaula
EVR;Evreux
EVS;Everstein
EWY;Ewyas
FAB;Fabriano
FAE;Faenza
FAL;Fal
FBG;Freiburg
FCB;Franche-Comté;Franche-Comte
FCL;Firceall
FDL;Āl Faḍl;al Fadl
FEL;Feltre
FEO;Theodoro
FER;Ferrara
FEZ;Fez
FIN;Finland
FLA;Flanders
FLD;Fulda
FLK;Falkenstein
FLO;Florence
FLY;Offaly
FMA;Fermanagh
FMB;Fomin-Berezuesk
FMN;Fuman
FOI;Foix
FRA;France
FRE;Freising
FRI;Frisia
FRM;Fermo
FRN;Frankfurt
FRT;Ferrette
FRZ;Forez
FUL;Great Fulo
FUR;Fürstenberg;Furstenberg
FZA;Fezzan
FZH;Fùzhōu;Fuzhou
GAL;Gallura
GAR;Garabito
GAU;Gaur
GAZ;Gazaria
GBH;Grubenhagen
GBS;Gabès;Gabes
GCH;Cuauhchinanco
GDA;Godara
GDD;Gwynedd
GDW;Giduwa
GED;Gedi
GEL;Guelders
GEN;Genoa
GEO;Georgia
GFS;Gafsa
GGX;Guǎngxī;Guangxi
GHA;Ghana
GHL;Gohilvad
GHR;Garha
GJJ;Gojjam
GLA;Glauchau
GLC;Galicia
GLE;Geledi
GLH;Jochi
GLI;Gilgit
GLM;Galich-Mersky
GLN;Gleichen
GLO;Głogów;Glogpw
GLR;Glarus
GLS;Glens
GLU;Gāoluó;Gaolup
GLY;Galloway
GMG;Glamorgan
GMK;Mark
GNG;Gǒng;Gong
GNJ;Gonjo
GNN;Guǎngnán;Guangnan
GNV;Genève;Geneve
GOA;Goa
GOB;Gobir
GOL;Golog
GOR;Gorizia
GOS;Goslar
GOW;Gowa
GRA;Granada
GRF;Grafenau
GRG;Gurgan
GRK;Gurk
GRL;Greenland
GRM;Germiyanids
GRR;Garrochamba
GRS;Gorodets
GRT;Gorontalo
GRY;Gruyere
GSW;Güstrow;Gustrow
GTO;Gotō;Goto
GUB;Gubbio
GUG;Guge
GUL;Guale
GUO;Guarco
GUR;Fada N'gourma
GUY;Gascony
GWA;Gwalior
GWI;Gwiriko
GWL;Garhwal
GWR;Gower
GWT;Gwent
GWY;Guwayihi
GYA;Gyaaman
GYE;Gyelrong
GYO;Gayogohono
GYT;Gyelthang
GZH;Gǔzhōu;Guzhou
HAB;Austria
HAC;Hachberg
HAD;Hadoti
HAG;Haguenau
HAI;Hainaut
HAL;Halych
HAM;Hamburg
HBG;Heinsberg
HBN;Hasbani
HBR;Heilbronn
HBS;Halberstadt
HCH;Huamachuco
HCI;Haciemirids
HCK;Hoocak
HDA;Hada
HDH;Hildesheim
HDN;$hamadan$
HDR;Hadhur
HDY;Hadiya
HEH;Heidenheim
HEI;Hei
HEL;Chel
HES;Hesse
HEZ;Hézhōu;Hezhou
HGO;Khongorai
HHB;Hohenberg
HHK;Hohokam
HHP;Hsawng Hsup
HIE;Hienuki
HIG;Tō;To
HIT;Atcik-Hata
HJN;Holjaon
HJZ;Huexotzinco
HKK;Hakkari
HKM;Hkamti
HKZ;Hokuzan
HLE;God's House League
HLF;Helfenstein
HLG;Hüleguids;Huleguids
HLL;Hillah
HMD;Hamidids
HNA;Hanau
HNB;Henneberg
HNE;Hunehe
HNK;Hanan Chanka
HNM;Honma
HNV;Honnavara
HNY;Hasnuya
HNZ;Hunza
HOH;Hohenzollern
HOI;Hoifa
HOL;Holland
HOP;Hopi
HOR;Hor
HOX;Corvey
HOY;Hoya
HPL;Holstein-Plön;Holstein-Plon
HQG;Hèqìng;Heqing
HRB;Harb
HRC;Huarco
HRG;Hiraga
HRL;Harla
HRN;Horne
HSA;Hansa
HSC;Hansca
HSE;Hsenwi
HSF;Hersfeld
HSI;Hsipaw
HSK;Hosokawa
HSL;Hoysala
HSN;Ayyubids
HSP;Holstein-Pinneberg
HSR;Hishikari
HST;Teayotlan
HTA;Hatta
HTK;Hatakeyama
HTN;Hotin
HTR;Holstein-Rendsburg
HTY;Hatukay
HTZ;Huitzquilic
HUL;Huligai
HUN;Hungary
HUT;Hutaym
HUX;Huaxtepec
HVB;Havelberg
HYC;Hueyacocotla
HYM;Hy Many
HYT;Hytuk
HZH;Hóngzhōu;Hpngzhou
HZN;Hizan
HZP;Hazaraspids
HZR;Hazro
IAS;Iaşi;Iasi
IBL;Ibalon
ICE;Iceland
ICM;Ichma
IDR;Idar
IFA;Ifat
IFE;Ife
IHB;Ispahbad
IIX;Ii
IJB;Ijebu
IJE;Ijero
IJO;L'Isle-Jourdain
IJS;Ijesha
IJU;Ijūin;Ijuin
IKE;Ikeda
IMA;Imaal
IME;Imereti
IMG;Imagawa
IMO;Imola
INA;İnançids;İnancids
INH;Inhambane
INI;Inishowen
INJ;Injuids
INO;Inowrocław;Inowroclaw
INR;Indragiri
IRD;Irodo
ISA;Isa
ISD;Ishidō;Ishido
ISE;Ise
ISK;Isshiki
ISL;Shiewhibak
ISO;Isedo
ISW;Ishikawa
ITO;Itō;Ito
ITZ;Itza
IVG;Iveagh
IWS;Inawashiro
IXA;Iztapan
IXL;Ixtlan
IXT;Ixtacamaxtitlan
IYA;Ila Yara
IZC;Iztachacalapan
IZO;Itzohcan
JAL;Jalayirids
JAP;Japan
JAW;Jawor
JBL;Jubbal
JEC;Jecen
JER;Jersey
JEV;Jever
JFN;Jaffna
JHI;Johiya
JIZ;Jīshízhōu;Jishizhou
JJK;Jejakabhukti
JKR;Jauni Kurban
JLM;Jolemark
JLO;Jailolo
JLR;Jalore
JLW;Jhalawad
JLY;Jalayirs
JMB;Melayu
JNG;Junagarh
JNT;Jaintia
JOA;Joara
JOL;Jolof
JOV;Jovas
JPO;Nandapur
JRN;Jarin
JRW;Jarwanids
JSI;Jiànshuǐ;Jianshui
JSK;Jāsk;Jask
JSL;Jaisalmer
JUL;Jülich;Julich
JUR;Jurmanids
JUS;Jusheli
JUX;Yodzo Cuiya
JWR;Jawhar
KAB;Kaabu
KAG;Kagawa
KAI;Kaitag
KAL;Kale
KAM;Kaimana
KAN;Kano
KAQ;Kaqchikel
KAR;Karamanids
KAS;Kashin
KAW;Kaw
KBD;Kubadids
KBK;Kobayakawa
KBO;Kanem
KBR;Kabura
KCH;Karachev
KCN;Khachen
KDA;Kabardia
KDO;Kudō;Kudo
KDU;Padinjattedathu
KDW;Kadawdaachuh
KEB;Kebbi
KED;Kedah
KEE;Keenaght
KEL;Kelali
KER;Tsi'ya
KET;Ketu
KGK;Kyōgoku;Kyogoku
KGR;Kangra
KHF;Khaf
KHG;Khagya
KHM;Khmer
KHN;Kharan
KHR;Kherla
KHS;Khasa
KHT;$quhestan_area$
KHU;Khunj
KHZ;Khuzdar
KIC;K'iche'
KID;Kildare
KIE;Kyiv
KII;Kii
KIL;Kilis
KIM;Kiliman
KIP;Kipike
KIR;Kirchberg
KIT;Kitara
KJA;Keonjhar
KJK;Kajiki
KKA;Kanien'kehaka
KKC;Kikuchi
KKE;Killke
KKG;Kutai Kartanegara
KKL;Khalkhal
KKR;Khokhra
KKW;Kikkawa
KLA;Kalāt;Kalat
KLB;Kilab
KLE;Cleves
KLH;Kalahandi
KLI;Karauli
KLM;Kolomna
KLN;Klin
KLR;Kalhor
KLS;Kalisusu
KLT;Kolathunadu
KLU;Kullu
KLW;Kolwa
KMA;Kamata
KMG;Khamag
KML;Kumalarang
KMM;Cammin
KMN;Kumaon
KMP;Kempten
KMT;Kimotsuki
KMU;Khmu
KNA;Kana
KNB;Kawanobe
KND;Konda
KNE;Kaneko
KNG;Kong
KNI;Knights Hospitaller
KNK;Kanker
KNO;Kawano
KNT;Kutsuna
KNW;Konawe
KNZ;Konstanz
KOD;Koda
KOJ;Jerusalem
KOK;Kōsaka;Kosaka
KOL;Cologne
KOR;Goryeo
KOS;Kostroma
KOU;Kō;Ko
KOW;Kowoj
KOZ;Kōzai;Kozai
KPL;Koppula
KRA;Kira
KRD;Karasids
KRI;Kurani
KRK;Karanka
KRM;Kerman
KRP;Kuripan
KRT;Kartids
KRW;Karagwe
KSA;$kashan$
KSH;Kashmir
KSI;Kasai
KSK;Kaskinampo
KSN;Kusunoki
KST;Koasati
KSW;Kishtwar
KTB;Kitabatake
KTG;Kengtung
KTL;Kutlehar
KTN;Kuttanad
KTO;Kotō;Koto
KTS;Katsina
KTT;Khuttal
KTU;Kathmandu
KTW;Kartawi
KTZ;Katzenelnbogen
KUK;Kuku
KUR;Courland
KUS;Kuskatan
KUT;Kutch
KUY;Kuy
KYA;Kottayam
KYB;Kyburg
KZK;Kozelsk
KZY;Kazym
LAC;Sotz'leb
LAM;Lamu
LAN;Lancaster
LAT;Constantinople
LAU;Saxe-Lauenburg
LAV;Lavo
LBB;Lubeca
LBO;Léibō;Leibo
LBV;Lower Bavaria
LCA;Como
LCK;Khorshidi
LCU;Lucerne
LCZ;Łęczyca;leczyca
LDA;Landau
LDB;Landsberg
LDU;Lundu
LEI;Leinster
LEK;Lekia
LEU;Leuchtenberg
LGC;Legnica
LGE;Linge
LGK;Langkasuka
LGQ;Lóngquán;Lpngquan
LGT;Lingtsang
LGZ;Lóngzhōu;Lpngzhou
LHJ;Lahijan
LHL;Lahul
LIC;Lichtenberg
LIE;$liege$
LIG;Ligor
LIM;Limbourg
LIN;Lai'an
LIP;Liptako
LIT;Lithuania
LIV;Livonia
LJG;Lijiang
LLN;Lùliáng;Luliang
LLS;Luóluósī;Luplupsi
LMN;Lho Mon
LNA;Lan Na
LNG;Liáng;Liang
LNK;Landak
LNN;Leiningen
LNO;Lanao
LOI;Isles
LOL;Loloda
LON;León;Lepn
LOO;Loon
LOR;Lorraine
LPG;Lípíng;Liping
LPP;Lippe
LRT;Larantuka
LSA;Lausanne
LST;Larestan
LTN;Litang
LTU;Làntǔ;Lantu
LUB;Lübeck;Lubeck
LUC;Lucca
LUN;Lüneburg;Luneburg
LUP;Lupijaki
LUR;Laur
LUW;Luwu
LUX;Luxembourg
LWA;Limbuwan
LXG;Luōxióng;Luoxipng
LYA;Lyapin
LZI;Lianghzai
LZO;Luózuǒ;Lupzuo
MAA;Maasai
MAB;Ma'bar
MAC;March
MAG;Magdeburg
MAI;Mainz
MAJ;Majapahit
MAK;Makuria
MAL;Mali
MAM;Egypt
MAN;Mantua
MAO;Maolian
MAR;Maryul
MAT;Tollohcan
MAU;Mau Ganj
MBA;Mombassa
MBD;Manabondro
MBL;Tohomé;Tohome
MBT;Mbata
MBZ;Bregenz
MCC;Michuachapanco
MCI;Muchi
MCM;Munster
MDA;Medina
MDI;Mogadishu
MDM;Marsan
MDN;Minden
MDS;Manderscheid
MDY;Madya-as
MEC;Mecca
MED;Medri Bahri
MEI;Meissen
MEM;Memmingen
MEN;Menteşeids;Menteseids
MET;Metztitlan
MEW;Mewar
MFA;Montferrat
MFE;Mansfeld
MFK;Feldkirch
MGD;Wenduling
MGE;Mongolia
MGG;Mangyül Gungthang;Mangyul Gungthang
MGK;Möng Ku;Mong Ku
MGM;Mogami
MGN;Möng Ngüm;Mong Ngum
MGT;Möng Mit;Mong Mit
MHA;Möng Hsa;Mong Hsa
MHC;Melahuacan
MHK;Möng Hkeng;Mong Hkeng
MHL;Mahilaka
MHN;Möng Hten;Mong Hten
MHT;Miahuatlan
MHU;Mǎhú;Mahu
MIE;Maine
MIG;Migita
MIH;Mihrabanids
MIR;Imerina
MIS;Minsk
MIT;Mitic
MIU;Miura
MIX;Yucu Dzaa
MIY;Miya
MJU;Mayurbhanj
MKA;Möng Kawng;Mong Kawng
MKG;Mekongga
MKL;Mecklenburg
MKN;Möng Köng;Mong Kong
MKO;Mashiko
MKR;Makran
MKT;Munakata
MKW;Merkewan
MLB;Kangleipak
MLE;Mílè;Mile
MLG;Mǎlóng;Malpng
MLH;Mühlhausen;Muhlhausen
MLI;Malindi
MLL;Mallorca
MLM;Mong Lem
MLN;Malinalco
MLO;Milan
MLT;Malacato
MMA;Möng Mao;Mong Mao
MMI;Momonoi
MMM;Mam
MNA;Maynila
MNB;Menabe
MND;Mondovi
MNG;Míng;Ming
MNI;Möng Nai;Mong Nai
MNJ;Manjung
MNK;Mankessim
MNL;Mangalai
MNM;Minami
MNN;Mann
MNU;Melanau
MNZ;Mínzhōu;Minzhou
MOD;Modena
MOG;Mologa
MOM;Momboares
MON;Montfort
MOO;Moro
MOR;Morocco
MOS;Muscovy
MOU;Mouzon
MOY;Moray
MOZ;Mozambique
MPE;Maguela
MPR;Mamprugu
MRA;Maravi
MRB;Merseburg
MRC;La Marche
MRH;Al Murrah
MRI;Mōri;Mori
MRK;Marrakesh
MRM;Murom
MRN;Moronene
MRP;Kutai Martapura
MRS;Moers
MRT;Mortain
MRV;$merv$
MRW;Marwar
MSB;Mosbach
MSD;Masuda
MSN;Musuniri
MSO;Mesocco
MSP;Malaspina
MSV;Mstislavl
MTA;Macerata
MTB;Montbéliard;Montbeliard
MTD;Matsuda
MTG;Möng Ting;Mong Ting
MTH;Meath
MTO;Maintirano
MTR;Mataranga
MTY;Mitoya
MTZ;Metz
MUA;Muang Sua
MUL;Mulhouse
MUN;Münster;Munster
MUO;Muong
MUR;Murbach
MUS;Mus
MUT;Mutayr
MVA;Moravia
MWG;Morgannwg
MWO;Möng Wo;Mong Wo
MXT;Mexticacan
MYA;Möng Yang;Mong Yang
MYH;Miyoshi
MYI;Ma-i
MYM;Mayonmarka
MYO;Mayo
MZB;Mzab
MZF;Muzaffarids
MZJ;Mazenjani
MZK;Muzaka
MZN;Tabaristan
MZT;Mizantla
MZW;Mizawa
NAG;Nagar
NAI;Nagai
NAM;Namur
NAP;Naples
NAS;Nasu
NAV;Navarre
NAW;Nawa
NAX;Naxos
NBH;Nubhor
NBU;Nanbu
NCN;Nangchen
NCZ;Natchez
NDN;Nándān;Nandan
NEG;Negroponte
NEK;Nekok Yaotl
NEL;Nellenburg
NEO;Neopatria
NEU;Neuchâtel;Neuchatel
NEV;Nevers
NEY;Neyen
NGD;Negüderi;Neguderi
NGL;Ngali
NGM;Naganuma
NGN;Nagano
NGZ;Níngzhōu;Ningzhou
NHS;Nordhausen
NID;Nidda
NIE;Nienburg
NIT;Nitta
NKD;Nikaidō;Nikaido
NKI;Nitsuki
NKJ;Nakajima
NKO;Nkore
NLG;Ānlóng;anlpng
NLU;Nalou
NMB;Naumburg
NMD;Niemodlin
NMS;Namysłów;Namyslpw
NND;Ñuu Ndiyi;nuu Ndiyi
NNN;Ānnán;annan
NOG;Nogai
NOL;Northumberland
NOR;Norway
NOV;Velikiy Novgorod
NPG;Qíjiāng;Qijiang
NQS;Naqis
NRB;Narbonne
NRI;Nri
NRK;Novogrudok
NRM;Normandy
NRP;Nurpur
NRS;Narsinghpur
NSA;Nassau
NSD;Nassau-Dillenburg
NSH;Nassau-Hadamar
NSI;Nassau-Idstein
NSL;Novosil
NSR;Nan Sarunai
NSS;Nassau-Siegen
NST;Nashit'ush
NSU;Nsudi
NSW;Nassau-Weilburg
NTA;Canta
NTC;Jimyōin;Jimyoin
NTL;Mahajangā;Mahajanga
NUP;Nupe
NUR;Nuremberg
NVS;Novgorod-Siverskyi
NWG;Naugard
NWU;Niuwu
NYA;Nyarong
NYM;Boeny
NYS;Nysa
NYZ;Níngyuǎnzhōu;Ningyuanzhou
NZH;Nizhny Novgorod
NZN;Nanzan
OAP;Oapan
OBA;Ōba;oba
OBD;Obdor
OBW;Obwalden
OCT;Ocute
ODA;Oda
ODO;Odoli
OEL;Oleśnica;Olesnica
OET;Oettingen
OFB;Offenburg
OGA;Ogamo
OGK;Holy Roman
OGL;Ouargla
OGO;Ōgo;ogo
OGS;Ogasawara
OGU;Oguni
OHK;Ohkwee Ówîngeh;Ohkwee pwingeh
OHR;Ōhira;ohira
OID;Ōida;oida
OIL;Oriel
OIR;Oirat
OKE;Oke-Ila
OKI;Ōsaki;osaki
OKR;Ōkura;okura
OLD;Oldenburg
OMA;Oman
OMT;Ometepec
OND;Ondo
ONN;Onondowa'ga
ONO;Ononda'gega'
ONW;Oiniwar
ONY;Onyota'aka
OOB;O'ob
OPL;Opole
OPV;Opava
ORA;Orange
ORD;Ormond
ORE;Oreshek
ORI;Orissa
ORL;Orleans
ORM;Ormus
ORT;Ortenburg
OSN;Osnabrück;Osnabruck
OSS;Ossory
OSW;Oświęcim;Oswiecim
OTA;Otatitlan
OTM;Ōtomo;otomo
OTO;Xaltocan
OUA;Wagadugu
OUC;Ōuchi;ouchi
OWO;Owo
OXT;Oxtlipan
OYM;Oyama
OYO;Oyo
OZL;Ozuluama
OZT;Oztoman
OZU;Ozumatzin
PAC;Pacaca
PAD;Padua
PAH;Pahang
PAL;Rhine
PAN;Pǔ'ān;Pu'an
PAP;Rome
PAR;Parma
PAV;Pavia
PCD;Píngchádòng;Pingchadong
PCH;Pacaha
PCJ;Paka Jaqis
PCO;Parinacocha
PCR;Pocra
PDB;Paderborn
PDG;Píngdìng;Pingding
PDK;Prudnik
PDN;Pǔdìng ;Puding 
PDU;Cochin
PEA;Perugia
PEG;Hanthawaddy
PEM;Pemba
PER;Périgord;Perigord
PES;Pesaro
PGB;Píngbà;Pingba
PGL;Pugal
PGS;Caboloan
PHY;Phayao
PIC;Picardy
PIE;Piedmont
PIG;Pinagua
PIM;Akimel O'odham
PIN;Pinya
PIO;Piombino
PIS;Pisa
PJT;Pudjananti
PKR;Passokkorang
PLA;Pal Lahara
PLB;Palembang
PLE;Pale
PLK;Płock;Plock
PLL;Pulilu
PLN;Plauen
PLT;Palitana
PLY;Pelym
PMB;Pembroke
PMS;Pomesania
PNA;Punia
PNC;Poonch
PNI;Pannai
PNK;Pinsk
POI;Poitou
POK;Polotsk
POL;Poland
POO;Powo
POR;Portugal
POS;Powis
PPK;Ppanka
PPT;Papantlan
PRA;Prato
PRC;Perche
PRK;Pronsk
PRM;Perm
PRO;Provence
PRT;Mandore
PRZ;Peruzzi
PSA;Pasai
PSK;Pskov
PSS;Passau
PST;Pistoia
PSZ;Simmern
PTC;Phetchaburi
PTE;Pate
PTG;Pitigliano
PTL;Puctlan
PTN;Patna
PTP;Pantepec
PTZ;Píngtóuzhekě;Pingtpuzheke
PUA;Pua
PUR;Purang
PWS;Powys
PYE;Píngyuè;Pingyue
PZL;Pereyaslavl-Zalessky
QAN;Q'anjob'al
QCH;Qocho
QGM;Quigualtam
QGS;Qióngshuǐ;Qipngshui
QHT;Qahtān;Qahtan
QHZ;Quiahuiztlan
QIG;Quiegoqui
QJG;Qūjìng;Qujing
QLL;Quauhquechollan
QLM;Quelimane
QOM;$qom$
QTA;Qata
QUA;Cuauhtemallan
QUB;Gera
QUL;Qulla
QUN;Qara'unas
QUZ;Quizquiz
QYN;Qìngyuǎn;Qingyuan
RAG;Ragusa
RAN;Rano
RAV;Ravenna
RAW;Rawa
RBG;Rietberg
RCB;Racibórz;Racibprz
RCC;Rochechouart
RCH;Recherla
RDL;Riedesel
RDY;Reddi
REG;Regensburg
RET;Rethel
RGG;Reggio
RGM;Róngměi;Rpngmei
RGS;Rongshan
RIE;Rieneck
RIG;Riga
RIM;Rimini
RJI;Rajpipla
RJR;Rajouri
RKK;Rokkaku
RKL;Rankali
RKS;Raksel
RND;Réndé;Rende
RNG;Róng;Rpng
RNK;Ranekouh
RNP;Ranpur
ROS;Ross
ROT;Rothenburg
ROU;Roucy
RRU;Barru
RSH;Rasht
RSO;Rostov
RST;Rostock
RTB;Ritzebüttel;Ritzebuttel
RTP;Ratnapura
RUP;Ruppin
RUT;Rutul
RVA;Ravensburg
RVB;Ravensberg
RWA;Rwanda
RYA;Ryazan
RYL;Rylsk
RZB;Ratzeburg
RZH;Rzhev
SAA;Saarbrücken;Saarbrucken
SAB;Sausenberg
SAG;Sagaing
SAK;Sakha
SAL;Saluzzo
SAM;Samoa
SAN;Sancerre
SAO;Salona
SAV;Savoy
SAW;Saarwerden
SAY;Sayollan
SBA;Shiba
SBG;Santubong
SBL;Balliol
SBU;Selimbau
SBY;Subay
SBZ;$sabzevar$
SCB;Schauenburg
SCI;Ścinawa;scinawa
SCL;Saint-Claude
SCO;Scotland
SDG;Shǔidōng;Shuidong
SDR;Sidenreng
SDZ;Sieradz
SED;Sedang
SER;Serbia
SFA;Sofala
SFC;Strasbourg
SFR;$esfarayen$
SGE;Sagae
SGH;Sanghana
SGL;Grey League
SGN;Sonargaon
SGR;Sagara
SGS;Shàngsī;Shangsi
SGT;Siguntur
SGU;Sanggau
SGZ;Sāngzhí;Sangzhi
SHB;Shabankara
SHG;Shanglin
SHJ;Shijō;Shijo
SHK;Sharkha
SHM;Shammar
SHN;Shōni;Shoni
SHO;Shō;Sho
SHP;Sahib Ataids
SHR;Saharan
SHS;Sondershausen
SIC;Sicily
SIE;Siena
SIG;Siang
SIH;Sihanaka
SIT;Sion
SIZ;Siewierz
SKA;Sakalava
SKE;Scania
SKI;Shaki
SKK;Sikkim
SKN;Suakin
SKT;Suket
SKY;Starodub
SLA;Silat
SLD;Suldus
SLE;Salé;Sale
SLI;Sabuli
SLK;Selkup
SLM;Salm
SLN;Carbury
SLP;Selaparang
SLT;Solothurn
SLV;Schleswig
SLZ;Salzburg
SMA;Samma
SMB;Sambas
SMD;Samland
SME;Samtskhe
SMG;Sīmíng;Siming
SML;Sanmalan
SMO;Smolensk
SMS;Simsir
SMV;Sambuvarayar
SMZ;Shimazu
SND;Sindh
SNG;Singapura
SNP;Sōngpān;Songpan
SNT;Sentispac
SOA;Shewa
SOB;Sobaipuri
SOH;Sohri
SOM;Sōma;Soma
SON;Songhai
SOR;Lusatia
SOS;Sus
SOU;Sō;So
SPB;Spremberg
SPG;Shípíng;Shiping
SPL;Spoleto
SPN;Suphanburi
SPO;Sponheim
SPY;Spira
SRA;Sora
SRB;Sarbadars
SRC;Soroca
SRG;Sarangarh
SRM;Nahan
SRU;Saruhanids
SRV;Shirvan
SSG;Ssangseong
SSH;Suksuhu
SSI;Străşineţ;Strasinet
SSK;Slutsk
SSP;Sansepolcro
STC;Daikakuji
STE;Stettin
STG;St. Gallen
STK;Satake
STN;Saptagram
STP;Saint-Pol
STR;Santara
STS;Starodub-Siverskyi
STU;Suetsugu
STV;Stavelot-Malmedy
STY;Styria
STZ;Strzelce
SUE;Sue
SUK;Sukhothai
SUL;Lupah Sug
SUN;Sunda
SUR;Sura
SUT;Sutayids
SUW;Suwa
SVA;Sosva
SWB;Saxe-Wittenberg
SWD;Świdnica;swidnica
SWE;Sweden
SWH;Schwäbisch Hall;Schwabisch Hall
SWI;Switzerland
SWR;Schwerin
SWT;Swat
SWZ;Schwarzburg
SXI;Shǔixī;Shuixi
SXM;Samogitia
SYE;Speyer
SYG;Shěnyáng;Shenyang
SYN;Sayn
SYU;Syunik
SYY;Saqiyya
SYZ;Schwyz
SZG;Shīzōng;Shizong
SZH;Sīzhōu;Sizhou
SZI;Shezi
SZL;Suzdal
SZU;Shízhù;Shizhu
TAA;Tlalpan
TAE;Tahue
TAI;Tairona
TAK;Daijō;Daijo
TAL;Tanala
TAO;Iałopháybo;Ialophaybo
TAR;Purépecha;Purepecha
TAT;Touat
TAX;Taximaroa
TAZ;Táozhōu;Taozhou
TBA;Tabasaran
TBK;Tumbuka
TBY;Tabary
TCC;Tepecoacuilco
TCH;Tlachco
TCK;Tecklenburg
TCP;Tlacōpan;Tlacopan
TCQ;Ndisi Nuu
TCY;Tlapacoyan
TDE;Tanade
TDG;Tidung
TDJ;Tacettinids
TDO;Tondo
TEE;Tetela
TEG;Tegüima;Teguima
TEK;Teke
TEL;Caxcan
TEM;Temirgoy
TEN;Tenkodogo
TEO;Teotitlan
TEP;Tepanecapan
TER;Ternate
TES;Cieszyn
TET;Tétouan;Tetouan
TEU;Teutons
TEY;Teypana
TFK;Tirafka
TFL;Tafilalt
TGG;Toggenburg
TGH;Tireragh
TGR;Tóngrén;Tpngren
TGS;Togashi
TGT;Touggourt
TGU;Tegüis;Teguis
TGY;Tángyá;Tangya
THD;Truhendingen
THE;Thessalonica
THO;Thomond
THP;Thopia
THS;Thessaly
THT;Tehuantepec
THU;Thuringia
TIB;Tibet
TID;Tidore
TIM;Timurid
TIR;Tyrol
TJP;Tanjungpura
TKD;Takeda
TKI;Toki
TKM;Takashima
TKN;Tokunō;Tokuno
TKO;Takō;Tako
TKR;Takrur
TKU;Thekkumkur
TLA;Tixtla
TLE;Tlemcen
TLL;Tetellan
TLM;Tulam
TLO;Teloloapan
TLP;Tlapan
TLQ;Tlatlauquitepec
TLT;Tlacotlalpan
TLW;Taliwang
TLX;Tlaxcallan
TLY;Tlapacoya
TLZ;Tlalcozauhtitlan
TMB;Timbuktu
TMD;Tsuchimochi
TMK;Tadmekka
TMN;Tamna
TMR;Tamura
TMS;Temascaltepec
TMT;Tomatlan
TNC;Tenōchtitlan;Tenochtitlan
TND;Tandroy
TNG;Toungoo
TNK;Pandya
TNL;Tonallan
TNN;Tano
TNP;Tiānpíng;Tianping
TNQ;Tiānquán;Tianquan
TNT;Trent
TNX;Tenamaztlan
TNZ;Tiánzhōu;Tianzhou
TOA;Toa
TOG;Tu'i Tonga
TOH;Tochtepec
TON;Tonnerre
TOO;Tohono O'odham
TOR;Torres
TOS;Toshima
TOT;Cempohuallan
TOU;Toulouse
TOY;Tōyama;Toyama
TOZ;Toztlan
TPG;Tàipíng;Taiping
TPL;Teposcocula
TPN;Tecpatitlan
TPS;Toropets
TPT;Tecpantepec
TPX;Tepexic
TPY;Tepeyacac
TRA;Transylvania
TRB;Trubchevsk
TRE;Trebizond
TRF;Taraf
TRI;Trier
TRK;Tarki
TRN;Turn
TRO;Travunija
TRP;Tripoli
TRS;Tarusa
TRV;Treviso
TRY;Tyrconnell
TSE;Tesechoacan
TSK;Tsakho
TSM;Tenasserim
TSN;Tsenacommacah
TSO;Tsoyaha
TST;Tuf Shur Tia
TTA;Teutila
TTC;Tamtoc
TTE;Trieste
TTN;Tortona
TTR;Totorame
TTZ;Acolhuacan
TUB;Tübingen;Tubingen
TUC;Tuckabutchee
TUL;Toul
TUN;Tunis
TUR;Ottomans
TUT;Tototepec
TUV;Turov
TUZ;Tozantlan
TVE;Tver
TVS;Tavas
TWI;Twipra
TXI;Tíxī;Tixi
TXP;Tuxpan
TYR;Tyrone
TYY;Taytay
TZC;Tollantzinco
TZE;Tzeltal
TZH;Tziuhcoac
TZI;Tzitacuaro
TZL;Teozacoalco
TZM;Tamazollan
TZP;Tetzapotitlan
TZU;Tz'utujil
TZW;Tozawa
TZZ;Tzapotzingo
UAU;Cuauhteopan
UAY;Uaymil
UBH;Buha
UBL;Überlingen;uberlingen
UBV;Upper Bavaria
UEN;Ueno
UES;Uesugi
UFF;Hohenlohe
UGH;Ughanids
UGL;Uglich
UGW;Ungwana
UGX;Ugaxpah
UJJ;Ujjainiya
ULA;Ula
ULM;Ulm
ULS;Ulster
UMA;Umasuyus
UMH;Owill
UMO;Umoho
UNN;Unnō;Unno
URB;Urbino
URC;Urin Chanka
URI;Uri
URY;Uryangkhad
UTB;Otaibah
UTN;Utsunomiya
UTR;Utrecht
VAL;Valencia
VBG;Valkenburg
VBK;Vitebsk
VDK;Vadakkumkur
VDM;Vendôme;Vendqme
VDU;Verdun
VDZ;Vayots Dzor
VEL;Veldenz
VEN;Venice
VER;Verona
VID;Vidin
VIJ;Vijayanagar
VIN;Vicenza
VLD;Valluvanad
VLN;Valentinois
VLR;Vladimir
VLS;Valois
VLT;Volterra
VNA;Vunda
VND;Venad
VNT;Ventadour
VOH;Vohemar
VOL;Volhynia
VRD;Verden
VTN;Vientiane
VUD;Vaud
VUN;Vungu
VYA;Vyazma
VYT;Vyatka
WAD;Wadai
WAG;Waga
WAL;Wallachia
WAR;Warsangali
WBG;Würzburg;Wurzburg
WCH;Wachi
WDB;Waldberg
WDE;Waldeck
WDG;Wǔdìng;Wuding
WEI;Weißenburg;Weibenburg
WER;Werdenberg
WGG;Wanggiya
WGH;Waghtochtatta
WGO;Wernigerode
WHL;Wehale
WIE;Wied
WLD;Waldsassen
WLS;Wales
WMA;Weimar
WMO;Wēimào;Weimao
WNA;Wanga
WNG;Wūméng;Wumeng
WNT;Wuntho
WOL;Wolgast
WRC;Wrocław;Wroclaw
WRG;Wairagarh
WRM;Worms
WRN;Waren
WSA;Wūsā;Wusa
WSZ;Washizu
WTG;Wittgenstein
WTZ;Wetzlar
WUN;Muna
WUR;Württemberg;Wurttemberg
WUU;Wú;Wu
WZH;Wǔzhài;Wuzhai
WZZ;Wazhazhe
XAL;Xalisco
XAP;Xalapan
XCG;Xīnchéng;Xincheng
XCH;Xochimilco
XCP;Xochiapan
XCT;Xochitepec
XIC;Xicochimalco
XIH;Xiuhtlan
XIL;Xilotepec
XIU;Tutul-Xiu
XIX;Xixime
XLG;Xianlong
XLL;Xllang
XLT;Xalostotitlan
XNG;Xianning
XNL;Xinlong
XOC;Xochipillan
XOL;Ch'ol
XSY;Xīshānyáng;Xishanyang
YAB;Yabe
YAH;Yahualican
YAL;Yalu
YAM;Yām;Yam
YAN;Yáo'ān;Yao'an
YAP;Yap
YAQ;Yaqui
YAR;Yaroslavl
YAS;Yas
YAT;Yatenga
YAU;Yautepec
YCH;Yucu Satuta
YDR;Yadavaraya
YDZ;Yodzocahi
YEH;Yehe
YEM;Yemen
YGS;Yǒngshùn;Yongshun
YJI;Yánjǐng;Yanjing
YMG;Yamaguchi
YMN;Yamana
YMS;Yamasee
YMT;Yamato
YNG;Yǒngníng;Yongning
YNH;Yánhé;Yanhe
YNJ;Yuánjiāng;Yuanjiang
YNL;Yúnlián;Yunlian
YNN;Yongning
YOH;Yohualtepec
YOK;Yoko t'aanob
YPZ;Yopitzinco
YRV;Yuriev-Polsky
YSM;Yoshimi
YSN;Yǒngshùn Zhuang;Yongshun Zhuang
YSR;Yamashiro
YSU;Yasa'uri
YUA;Yuán;Yuan
YUK;Yūki;Yuki
YUS;Yuasa
YYG;Yǒuyáng;Youyang
YZO;Yìzuǒ;Yizuo
ZAB;Zab
ZAG;Żagań;zagan
ZAM;Zamfara
ZAN;Kilwa
ZAP;Zaachila
ZAQ;Chunsua
ZAT;Zacatlan
ZAZ;Zaporizhia
ZBR;Zebari
ZCT;Zacatollan
ZCZ;Zacazonapan
ZEE;Zeeland
ZEN;Zenú;Zenu
ZFI;Vohipeno
ZGH;Zagha
ZGL;Zhōnglù;Zhonglu
ZIB;Zi'b
ZIE;Ziębica;Ziebica
ZIG;Ziegenhain
ZIN;Zinapecuaro
ZIP;Muyquyta
ZLD;Zhonglindong
ZMR;Kozhikode
ZMW;Zimbabwe
ZNI;Zuni
ZNK;Zanskar
ZNN;Zhèn'ān;Zhen'an
ZNX;Zhènxióng;Zhenxipng
ZNZ;Zhēnzhōu;Zhenzhou
ZOM;Tzompanco
ZRQ;Zirqan
ZUB;Zubtsov
ZUR;Zürich;Zurich
ZUT;Zutphen
ZWE;Zweibrücken;Zweibrucken
ZYI;Zhānyì;Zhanyi
ZZB;Zanzibar
ZZR;Zerzari
ZZZ;Zazzau
